{
  "generatedBy": "Microsoft.NET.Sdk.Functions-3.0.13",
  "configurationSource": "attributes",
  "bindings": [
    {
      "type": "httpTrigger",
      "route": "packageManifests/{packageIdentifier?}",
      "methods": [
        "get"
      ],
      "authLevel": "anonymous",
      "name": "req"
    }
  ],
  "disabled": false,
  "scriptFile": "../bin/Microsoft.WinGet.RestSource.Functions.dll",
  "entryPoint": "Microsoft.WinGet.RestSource.Functions.PackageManifestFunctions.ManifestGetAsync"
}