{
  "generatedBy": "Microsoft.NET.Sdk.Functions-3.0.13",
  "configurationSource": "attributes",
  "bindings": [
    {
      "type": "httpTrigger",
      "route": "packages/{packageIdentifier}/versions/{packageVersion}",
      "methods": [
        "delete"
      ],
      "authLevel": "function",
      "name": "req"
    }
  ],
  "disabled": false,
  "scriptFile": "../bin/Microsoft.WinGet.RestSource.Functions.dll",
  "entryPoint": "Microsoft.WinGet.RestSource.Functions.VersionFunctions.VersionsDeleteAsync"
}